"Sex","Age","Ethnicity","Rate"
"M",0,"WBI",0.002893479
"M",1,"WBI",0.000292004
"M",2,"WBI",0.000188233
"M",3,"WBI",0.000147862
"M",4,"WBI",0.000224462
"M",5,"WBI",0.000296417
"M",6,"WBI",0.000308657
"M",7,"WBI",0.000311404
"M",8,"WBI",0.000222632
"M",9,"WBI",0.000145261
"M",10,"WBI",0.000129247
"M",11,"WBI",0.000130298
"M",12,"WBI",0.000152878
"M",13,"WBI",0.000184726
"M",14,"WBI",0.000202205
"M",15,"WBI",0.000238261
"M",16,"WBI",0.000373548
"M",17,"WBI",0.000516782
"M",18,"WBI",0.000610159
"M",19,"WBI",0.000604192
"M",20,"WBI",0.000521236
"M",21,"WBI",0.000524554
"M",22,"WBI",0.000516292
"M",23,"WBI",0.000556587
"M",24,"WBI",0.000535757
"M",25,"WBI",0.000418661
"M",26,"WBI",0.000457905
"M",27,"WBI",0.00049863
"M",28,"WBI",0.000546533
"M",29,"WBI",0.000609671
"M",30,"WBI",0.000655626
"M",31,"WBI",0.000707024
"M",32,"WBI",0.000812953
"M",33,"WBI",0.000970675
"M",34,"WBI",0.001055611
"M",35,"WBI",0.001076924
"M",36,"WBI",0.001112916
"M",37,"WBI",0.001149464
"M",38,"WBI",0.001152651
"M",39,"WBI",0.001350246
"M",40,"WBI",0.001523556
"M",41,"WBI",0.001537732
"M",42,"WBI",0.001627977
"M",43,"WBI",0.001674325
"M",44,"WBI",0.001907633
"M",45,"WBI",0.002257943
"M",46,"WBI",0.002492677
"M",47,"WBI",0.002762666
"M",48,"WBI",0.003124438
"M",49,"WBI",0.00321066
"M",50,"WBI",0.00335601
"M",51,"WBI",0.003939866
"M",52,"WBI",0.004683988
"M",53,"WBI",0.00566138
"M",54,"WBI",0.006634757
"M",55,"WBI",0.007649737
"M",56,"WBI",0.008582915
"M",57,"WBI",0.009170465
"M",58,"WBI",0.009680031
"M",59,"WBI",0.01039666
"M",60,"WBI",0.011617981
"M",61,"WBI",0.012917879
"M",62,"WBI",0.013475485
"M",63,"WBI",0.013332599
"M",64,"WBI",0.015276032
"M",65,"WBI",0.018449636
"M",66,"WBI",0.020214063
"M",67,"WBI",0.022366808
"M",68,"WBI",0.02687515
"M",69,"WBI",0.030073261
"M",70,"WBI",0.030717661
"M",71,"WBI",0.032380064
"M",72,"WBI",0.034633838
"M",73,"WBI",0.038441621
"M",74,"WBI",0.041731934
"M",75,"WBI",0.044071368
"M",76,"WBI",0.048981668
"M",77,"WBI",0.054668519
"M",78,"WBI",0.060312691
"M",79,"WBI",0.060915904
"M",80,"WBI",0.067752861
"M",81,"WBI",0.075357171
"M",82,"WBI",0.083814958
"M",83,"WBI",0.093222013
"M",84,"WBI",0.103684878
"M",85,"WBI",0.171349723
"M",0,"WHO",0.002997974
"M",1,"WHO",0.00028938
"M",2,"WHO",0.000185549
"M",3,"WHO",0.000137647
"M",4,"WHO",0.000226284
"M",5,"WHO",0.000305082
"M",6,"WHO",0.000311891
"M",7,"WHO",0.00030641
"M",8,"WHO",0.000217962
"M",9,"WHO",0.000146112
"M",10,"WHO",0.000127437
"M",11,"WHO",0.0001342
"M",12,"WHO",0.000156469
"M",13,"WHO",0.000182888
"M",14,"WHO",0.000195608
"M",15,"WHO",0.000225433
"M",16,"WHO",0.000350395
"M",17,"WHO",0.000501985
"M",18,"WHO",0.000565703
"M",19,"WHO",0.000517247
"M",20,"WHO",0.000450844
"M",21,"WHO",0.000457986
"M",22,"WHO",0.000448296
"M",23,"WHO",0.000472593
"M",24,"WHO",0.000448448
"M",25,"WHO",0.000359374
"M",26,"WHO",0.000383619
"M",27,"WHO",0.000411867
"M",28,"WHO",0.000450719
"M",29,"WHO",0.000489151
"M",30,"WHO",0.000528431
"M",31,"WHO",0.000581437
"M",32,"WHO",0.000664159
"M",33,"WHO",0.000767772
"M",34,"WHO",0.00084924
"M",35,"WHO",0.000919016
"M",36,"WHO",0.000939968
"M",37,"WHO",0.000970101
"M",38,"WHO",0.001007352
"M",39,"WHO",0.00121575
"M",40,"WHO",0.001394074
"M",41,"WHO",0.00142708
"M",42,"WHO",0.001542502
"M",43,"WHO",0.001610044
"M",44,"WHO",0.001880905
"M",45,"WHO",0.002226181
"M",46,"WHO",0.002417606
"M",47,"WHO",0.002722526
"M",48,"WHO",0.003116417
"M",49,"WHO",0.003174139
"M",50,"WHO",0.003378527
"M",51,"WHO",0.004023181
"M",52,"WHO",0.004717512
"M",53,"WHO",0.00564481
"M",54,"WHO",0.006544709
"M",55,"WHO",0.007603672
"M",56,"WHO",0.008656402
"M",57,"WHO",0.009284576
"M",58,"WHO",0.009690439
"M",59,"WHO",0.010305459
"M",60,"WHO",0.01152151
"M",61,"WHO",0.012739325
"M",62,"WHO",0.013300015
"M",63,"WHO",0.013178781
"M",64,"WHO",0.01500724
"M",65,"WHO",0.018099221
"M",66,"WHO",0.019836479
"M",67,"WHO",0.021842583
"M",68,"WHO",0.026137984
"M",69,"WHO",0.029186483
"M",70,"WHO",0.029760231
"M",71,"WHO",0.031325643
"M",72,"WHO",0.033456835
"M",73,"WHO",0.037059677
"M",74,"WHO",0.040172119
"M",75,"WHO",0.042395376
"M",76,"WHO",0.047014362
"M",77,"WHO",0.052520004
"M",78,"WHO",0.058082402
"M",79,"WHO",0.059299662
"M",80,"WHO",0.065907595
"M",81,"WHO",0.07325187
"M",82,"WHO",0.081414538
"M",83,"WHO",0.090486795
"M",84,"WHO",0.100570001
"M",85,"WHO",0.174934021
"M",0,"MIX",0.003094598
"M",1,"MIX",0.000290069
"M",2,"MIX",0.000190759
"M",3,"MIX",0.000141406
"M",4,"MIX",0.000223501
"M",5,"MIX",0.00029677
"M",6,"MIX",0.000301857
"M",7,"MIX",0.000304986
"M",8,"MIX",0.000218354
"M",9,"MIX",0.000138733
"M",10,"MIX",0.000124422
"M",11,"MIX",0.000132417
"M",12,"MIX",0.000154286
"M",13,"MIX",0.000176759
"M",14,"MIX",0.000188779
"M",15,"MIX",0.00021345
"M",16,"MIX",0.000331933
"M",17,"MIX",0.000468135
"M",18,"MIX",0.00052968
"M",19,"MIX",0.000497268
"M",20,"MIX",0.000439352
"M",21,"MIX",0.000445461
"M",22,"MIX",0.000427059
"M",23,"MIX",0.000458654
"M",24,"MIX",0.000430593
"M",25,"MIX",0.000331512
"M",26,"MIX",0.000361576
"M",27,"MIX",0.000391048
"M",28,"MIX",0.000426879
"M",29,"MIX",0.000472683
"M",30,"MIX",0.000510765
"M",31,"MIX",0.000552097
"M",32,"MIX",0.000642806
"M",33,"MIX",0.000770023
"M",34,"MIX",0.000873045
"M",35,"MIX",0.000938655
"M",36,"MIX",0.000955833
"M",37,"MIX",0.001014067
"M",38,"MIX",0.001067119
"M",39,"MIX",0.001267931
"M",40,"MIX",0.001437703
"M",41,"MIX",0.0014909
"M",42,"MIX",0.001625581
"M",43,"MIX",0.001669185
"M",44,"MIX",0.001964104
"M",45,"MIX",0.002349165
"M",46,"MIX",0.002549442
"M",47,"MIX",0.002853447
"M",48,"MIX",0.003239281
"M",49,"MIX",0.003249565
"M",50,"MIX",0.003446537
"M",51,"MIX",0.004145421
"M",52,"MIX",0.004819885
"M",53,"MIX",0.005781343
"M",54,"MIX",0.006830674
"M",55,"MIX",0.007874646
"M",56,"MIX",0.008828057
"M",57,"MIX",0.009496604
"M",58,"MIX",0.009908727
"M",59,"MIX",0.010660928
"M",60,"MIX",0.012073299
"M",61,"MIX",0.013418365
"M",62,"MIX",0.014088306
"M",63,"MIX",0.013901896
"M",64,"MIX",0.015652695
"M",65,"MIX",0.018837037
"M",66,"MIX",0.020747009
"M",67,"MIX",0.022819427
"M",68,"MIX",0.027145305
"M",69,"MIX",0.030445625
"M",70,"MIX",0.031293458
"M",71,"MIX",0.032953703
"M",72,"MIX",0.034969649
"M",73,"MIX",0.038716753
"M",74,"MIX",0.042141039
"M",75,"MIX",0.044031705
"M",76,"MIX",0.048432975
"M",77,"MIX",0.053924899
"M",78,"MIX",0.059449213
"M",79,"MIX",0.059823449
"M",80,"MIX",0.066502753
"M",81,"MIX",0.073927803
"M",82,"MIX",0.082181862
"M",83,"MIX",0.091357489
"M",84,"MIX",0.101557576
"M",85,"MIX",0.16541562
"M",0,"IND",0.003398084
"M",1,"IND",0.000304321
"M",2,"IND",0.000189225
"M",3,"IND",0.00014353
"M",4,"IND",0.000244782
"M",5,"IND",0.000313263
"M",6,"IND",0.000299907
"M",7,"IND",0.000304203
"M",8,"IND",0.000220237
"M",9,"IND",0.000145261
"M",10,"IND",0.000131843
"M",11,"IND",0.000131522
"M",12,"IND",0.00014995
"M",13,"IND",0.000178189
"M",14,"IND",0.000181829
"M",15,"IND",0.000189804
"M",16,"IND",0.000281128
"M",17,"IND",0.0004203
"M",18,"IND",0.000477623
"M",19,"IND",0.00041523
"M",20,"IND",0.000389461
"M",21,"IND",0.000415106
"M",22,"IND",0.000391336
"M",23,"IND",0.00044353
"M",24,"IND",0.000422924
"M",25,"IND",0.000326027
"M",26,"IND",0.000347872
"M",27,"IND",0.000359262
"M",28,"IND",0.000413697
"M",29,"IND",0.000467561
"M",30,"IND",0.000502514
"M",31,"IND",0.00055134
"M",32,"IND",0.000646434
"M",33,"IND",0.00079061
"M",34,"IND",0.000899206
"M",35,"IND",0.000966832
"M",36,"IND",0.000986307
"M",37,"IND",0.00101336
"M",38,"IND",0.001057586
"M",39,"IND",0.001301228
"M",40,"IND",0.001466851
"M",41,"IND",0.001498024
"M",42,"IND",0.001606192
"M",43,"IND",0.001620699
"M",44,"IND",0.001905465
"M",45,"IND",0.00225263
"M",46,"IND",0.002491498
"M",47,"IND",0.002893811
"M",48,"IND",0.00328762
"M",49,"IND",0.0032965
"M",50,"IND",0.003572802
"M",51,"IND",0.00422685
"M",52,"IND",0.004985655
"M",53,"IND",0.006057384
"M",54,"IND",0.007065659
"M",55,"IND",0.007871416
"M",56,"IND",0.008575738
"M",57,"IND",0.009214394
"M",58,"IND",0.00963002
"M",59,"IND",0.010629783
"M",60,"IND",0.012293188
"M",61,"IND",0.013616935
"M",62,"IND",0.014169303
"M",63,"IND",0.013989796
"M",64,"IND",0.015864371
"M",65,"IND",0.019122049
"M",66,"IND",0.020917023
"M",67,"IND",0.023085151
"M",68,"IND",0.027589379
"M",69,"IND",0.030570733
"M",70,"IND",0.031060275
"M",71,"IND",0.032664678
"M",72,"IND",0.034906865
"M",73,"IND",0.038545428
"M",74,"IND",0.041559229
"M",75,"IND",0.043879098
"M",76,"IND",0.048539152
"M",77,"IND",0.053910709
"M",78,"IND",0.059640447
"M",79,"IND",0.059372884
"M",80,"IND",0.065909518
"M",81,"IND",0.073165799
"M",82,"IND",0.081220959
"M",83,"IND",0.090162948
"M",84,"IND",0.100089401
"M",85,"IND",0.136321549
"M",0,"PAK",0.003802679
"M",1,"PAK",0.000309983
"M",2,"PAK",0.000196763
"M",3,"PAK",0.00015536
"M",4,"PAK",0.000231152
"M",5,"PAK",0.000293465
"M",6,"PAK",0.000295949
"M",7,"PAK",0.00031407
"M",8,"PAK",0.000230034
"M",9,"PAK",0.000132966
"M",10,"PAK",0.000112177
"M",11,"PAK",0.000120815
"M",12,"PAK",0.000144893
"M",13,"PAK",0.000156969
"M",14,"PAK",0.000188333
"M",15,"PAK",0.000234664
"M",16,"PAK",0.000342419
"M",17,"PAK",0.00048204
"M",18,"PAK",0.000549386
"M",19,"PAK",0.000501915
"M",20,"PAK",0.000421006
"M",21,"PAK",0.000421577
"M",22,"PAK",0.000422278
"M",23,"PAK",0.000486376
"M",24,"PAK",0.000452844
"M",25,"PAK",0.000349121
"M",26,"PAK",0.000381227
"M",27,"PAK",0.000393827
"M",28,"PAK",0.000456996
"M",29,"PAK",0.000551363
"M",30,"PAK",0.000592181
"M",31,"PAK",0.000625973
"M",32,"PAK",0.000700164
"M",33,"PAK",0.000823824
"M",34,"PAK",0.000941403
"M",35,"PAK",0.001055411
"M",36,"PAK",0.001122757
"M",37,"PAK",0.001149115
"M",38,"PAK",0.001186332
"M",39,"PAK",0.001409838
"M",40,"PAK",0.001575687
"M",41,"PAK",0.001597864
"M",42,"PAK",0.001779818
"M",43,"PAK",0.001811066
"M",44,"PAK",0.002106646
"M",45,"PAK",0.002596652
"M",46,"PAK",0.002880069
"M",47,"PAK",0.003224832
"M",48,"PAK",0.003638051
"M",49,"PAK",0.003689769
"M",50,"PAK",0.003843671
"M",51,"PAK",0.004395133
"M",52,"PAK",0.005222274
"M",53,"PAK",0.006503289
"M",54,"PAK",0.0076559
"M",55,"PAK",0.008520336
"M",56,"PAK",0.009719407
"M",57,"PAK",0.010685457
"M",58,"PAK",0.010947581
"M",59,"PAK",0.011794684
"M",60,"PAK",0.01345043
"M",61,"PAK",0.014959885
"M",62,"PAK",0.01552112
"M",63,"PAK",0.015392174
"M",64,"PAK",0.017557786
"M",65,"PAK",0.021016681
"M",66,"PAK",0.02277963
"M",67,"PAK",0.024825956
"M",68,"PAK",0.029682119
"M",69,"PAK",0.033216625
"M",70,"PAK",0.033737612
"M",71,"PAK",0.03527247
"M",72,"PAK",0.0376309
"M",73,"PAK",0.041688415
"M",74,"PAK",0.044895994
"M",75,"PAK",0.047170243
"M",76,"PAK",0.052206027
"M",77,"PAK",0.057905942
"M",78,"PAK",0.063864715
"M",79,"PAK",0.064060813
"M",80,"PAK",0.070991028
"M",81,"PAK",0.078670967
"M",82,"PAK",0.087181736
"M",83,"PAK",0.096613215
"M",84,"PAK",0.107065008
"M",85,"PAK",0.145053924
"M",0,"BAN",0.003618287
"M",1,"BAN",0.000283981
"M",2,"BAN",0.00018167
"M",3,"BAN",0.000146968
"M",4,"BAN",0.000221483
"M",5,"BAN",0.000328689
"M",6,"BAN",0.00035508
"M",7,"BAN",0.000333495
"M",8,"BAN",0.000274526
"M",9,"BAN",0.00018028
"M",10,"BAN",0.000122158
"M",11,"BAN",0.00013694
"M",12,"BAN",0.000158813
"M",13,"BAN",0.000166552
"M",14,"BAN",0.000183178
"M",15,"BAN",0.000224814
"M",16,"BAN",0.000325389
"M",17,"BAN",0.000507967
"M",18,"BAN",0.000598719
"M",19,"BAN",0.000493187
"M",20,"BAN",0.000416493
"M",21,"BAN",0.000400307
"M",22,"BAN",0.000401863
"M",23,"BAN",0.000450077
"M",24,"BAN",0.000393222
"M",25,"BAN",0.00032971
"M",26,"BAN",0.000343048
"M",27,"BAN",0.000338517
"M",28,"BAN",0.000404583
"M",29,"BAN",0.000468639
"M",30,"BAN",0.000519088
"M",31,"BAN",0.000573268
"M",32,"BAN",0.000637798
"M",33,"BAN",0.000747395
"M",34,"BAN",0.000833712
"M",35,"BAN",0.000910374
"M",36,"BAN",0.00096363
"M",37,"BAN",0.001038206
"M",38,"BAN",0.001113039
"M",39,"BAN",0.001264141
"M",40,"BAN",0.001419341
"M",41,"BAN",0.001535288
"M",42,"BAN",0.001648777
"M",43,"BAN",0.001714758
"M",44,"BAN",0.002097342
"M",45,"BAN",0.002498448
"M",46,"BAN",0.002796521
"M",47,"BAN",0.003066553
"M",48,"BAN",0.003417175
"M",49,"BAN",0.003676242
"M",50,"BAN",0.003900555
"M",51,"BAN",0.00447524
"M",52,"BAN",0.004889846
"M",53,"BAN",0.005896203
"M",54,"BAN",0.007529659
"M",55,"BAN",0.008775959
"M",56,"BAN",0.009635775
"M",57,"BAN",0.010715523
"M",58,"BAN",0.011215077
"M",59,"BAN",0.011722558
"M",60,"BAN",0.013300743
"M",61,"BAN",0.014670146
"M",62,"BAN",0.015354095
"M",63,"BAN",0.015005554
"M",64,"BAN",0.017079104
"M",65,"BAN",0.020833348
"M",66,"BAN",0.022570566
"M",67,"BAN",0.024790337
"M",68,"BAN",0.02985666
"M",69,"BAN",0.033365397
"M",70,"BAN",0.033955209
"M",71,"BAN",0.035671492
"M",72,"BAN",0.038014308
"M",73,"BAN",0.041999407
"M",74,"BAN",0.045221927
"M",75,"BAN",0.0473667
"M",76,"BAN",0.05222382
"M",77,"BAN",0.057989406
"M",78,"BAN",0.064176433
"M",79,"BAN",0.063746739
"M",80,"BAN",0.070467818
"M",81,"BAN",0.077897527
"M",82,"BAN",0.086110581
"M",83,"BAN",0.09518957
"M",84,"BAN",0.105225795
"M",85,"BAN",0.160222187
"M",0,"CHI",0.003159692
"M",1,"CHI",0.000273455
"M",2,"CHI",0.000180794
"M",3,"CHI",0.000135848
"M",4,"CHI",0.000219327
"M",5,"CHI",0.00029621
"M",6,"CHI",0.000295651
"M",7,"CHI",0.000289598
"M",8,"CHI",0.00021014
"M",9,"CHI",0.000133215
"M",10,"CHI",0.000119118
"M",11,"CHI",0.000124979
"M",12,"CHI",0.000150348
"M",13,"CHI",0.000183014
"M",14,"CHI",0.000191595
"M",15,"CHI",0.00022172
"M",16,"CHI",0.000348163
"M",17,"CHI",0.000469113
"M",18,"CHI",0.000504059
"M",19,"CHI",0.000444924
"M",20,"CHI",0.000380402
"M",21,"CHI",0.000396445
"M",22,"CHI",0.000394813
"M",23,"CHI",0.00044384
"M",24,"CHI",0.000426799
"M",25,"CHI",0.000335626
"M",26,"CHI",0.000367544
"M",27,"CHI",0.000388624
"M",28,"CHI",0.000432874
"M",29,"CHI",0.000501113
"M",30,"CHI",0.000543473
"M",31,"CHI",0.00059381
"M",32,"CHI",0.000675716
"M",33,"CHI",0.000779225
"M",34,"CHI",0.000904865
"M",35,"CHI",0.0010031
"M",36,"CHI",0.001031605
"M",37,"CHI",0.001082029
"M",38,"CHI",0.001104201
"M",39,"CHI",0.001306726
"M",40,"CHI",0.001506667
"M",41,"CHI",0.001548608
"M",42,"CHI",0.001675482
"M",43,"CHI",0.001740551
"M",44,"CHI",0.002016024
"M",45,"CHI",0.00237923
"M",46,"CHI",0.002573498
"M",47,"CHI",0.002851226
"M",48,"CHI",0.003275136
"M",49,"CHI",0.003336834
"M",50,"CHI",0.003490689
"M",51,"CHI",0.004137775
"M",52,"CHI",0.004825241
"M",53,"CHI",0.005778675
"M",54,"CHI",0.006767662
"M",55,"CHI",0.007890185
"M",56,"CHI",0.009001822
"M",57,"CHI",0.009586485
"M",58,"CHI",0.009978209
"M",59,"CHI",0.010859418
"M",60,"CHI",0.012266785
"M",61,"CHI",0.013584182
"M",62,"CHI",0.014218852
"M",63,"CHI",0.014046467
"M",64,"CHI",0.01591234
"M",65,"CHI",0.019086647
"M",66,"CHI",0.021150844
"M",67,"CHI",0.023464657
"M",68,"CHI",0.027950057
"M",69,"CHI",0.031116719
"M",70,"CHI",0.032031356
"M",71,"CHI",0.034017522
"M",72,"CHI",0.03628061
"M",73,"CHI",0.039878734
"M",74,"CHI",0.043240466
"M",75,"CHI",0.045682925
"M",76,"CHI",0.050168755
"M",77,"CHI",0.05617659
"M",78,"CHI",0.061976148
"M",79,"CHI",0.06151812
"M",80,"CHI",0.068283062
"M",81,"CHI",0.075791922
"M",82,"CHI",0.084126505
"M",83,"CHI",0.093377615
"M",84,"CHI",0.103646038
"M",85,"CHI",0.199841713
"M",0,"OAS",0.003261578
"M",1,"OAS",0.000298417
"M",2,"OAS",0.000191872
"M",3,"OAS",0.000139796
"M",4,"OAS",0.000236747
"M",5,"OAS",0.000308691
"M",6,"OAS",0.000303748
"M",7,"OAS",0.000317194
"M",8,"OAS",0.000229362
"M",9,"OAS",0.000139203
"M",10,"OAS",0.000124125
"M",11,"OAS",0.000131877
"M",12,"OAS",0.000153429
"M",13,"OAS",0.000176667
"M",14,"OAS",0.000182142
"M",15,"OAS",0.000202823
"M",16,"OAS",0.000309427
"M",17,"OAS",0.00044927
"M",18,"OAS",0.000514355
"M",19,"OAS",0.000461248
"M",20,"OAS",0.00040551
"M",21,"OAS",0.000423062
"M",22,"OAS",0.000400781
"M",23,"OAS",0.000431508
"M",24,"OAS",0.000409776
"M",25,"OAS",0.000318009
"M",26,"OAS",0.000341708
"M",27,"OAS",0.000366738
"M",28,"OAS",0.000405368
"M",29,"OAS",0.000450498
"M",30,"OAS",0.000497367
"M",31,"OAS",0.000549142
"M",32,"OAS",0.00063069
"M",33,"OAS",0.000738964
"M",34,"OAS",0.000852841
"M",35,"OAS",0.000933674
"M",36,"OAS",0.000956314
"M",37,"OAS",0.000998342
"M",38,"OAS",0.001018471
"M",39,"OAS",0.001213424
"M",40,"OAS",0.001387571
"M",41,"OAS",0.001419462
"M",42,"OAS",0.001536474
"M",43,"OAS",0.001589861
"M",44,"OAS",0.001860103
"M",45,"OAS",0.002181999
"M",46,"OAS",0.00239944
"M",47,"OAS",0.002749452
"M",48,"OAS",0.00313729
"M",49,"OAS",0.003124424
"M",50,"OAS",0.003404723
"M",51,"OAS",0.004071047
"M",52,"OAS",0.004754527
"M",53,"OAS",0.005708058
"M",54,"OAS",0.006635076
"M",55,"OAS",0.007680526
"M",56,"OAS",0.008658659
"M",57,"OAS",0.009269248
"M",58,"OAS",0.009547579
"M",59,"OAS",0.010351964
"M",60,"OAS",0.011806097
"M",61,"OAS",0.013108125
"M",62,"OAS",0.013703272
"M",63,"OAS",0.013462081
"M",64,"OAS",0.015272904
"M",65,"OAS",0.018401501
"M",66,"OAS",0.020135727
"M",67,"OAS",0.022203178
"M",68,"OAS",0.026557446
"M",69,"OAS",0.029666552
"M",70,"OAS",0.030179201
"M",71,"OAS",0.031810072
"M",72,"OAS",0.034012763
"M",73,"OAS",0.037528609
"M",74,"OAS",0.040767982
"M",75,"OAS",0.042761302
"M",76,"OAS",0.047192667
"M",77,"OAS",0.05283434
"M",78,"OAS",0.058253505
"M",79,"OAS",0.057809688
"M",80,"OAS",0.064292088
"M",81,"OAS",0.071501383
"M",82,"OAS",0.079519081
"M",83,"OAS",0.088435832
"M",84,"OAS",0.098352448
"M",85,"OAS",0.147594597
"M",0,"BLA",0.003215606
"M",1,"BLA",0.000281542
"M",2,"BLA",0.000192312
"M",3,"BLA",0.000139272
"M",4,"BLA",0.00021945
"M",5,"BLA",0.000286034
"M",6,"BLA",0.000280921
"M",7,"BLA",0.00028024
"M",8,"BLA",0.000205745
"M",9,"BLA",0.000137148
"M",10,"BLA",0.000119767
"M",11,"BLA",0.000125819
"M",12,"BLA",0.000150813
"M",13,"BLA",0.000173057
"M",14,"BLA",0.000188811
"M",15,"BLA",0.000219067
"M",16,"BLA",0.000320374
"M",17,"BLA",0.000463813
"M",18,"BLA",0.000509422
"M",19,"BLA",0.000466972
"M",20,"BLA",0.000434384
"M",21,"BLA",0.000421145
"M",22,"BLA",0.000385254
"M",23,"BLA",0.000419678
"M",24,"BLA",0.000412801
"M",25,"BLA",0.000323643
"M",26,"BLA",0.000345365
"M",27,"BLA",0.000370187
"M",28,"BLA",0.000412163
"M",29,"BLA",0.000477941
"M",30,"BLA",0.00051911
"M",31,"BLA",0.000561637
"M",32,"BLA",0.000646257
"M",33,"BLA",0.000743884
"M",34,"BLA",0.000841623
"M",35,"BLA",0.000927169
"M",36,"BLA",0.000976619
"M",37,"BLA",0.001048269
"M",38,"BLA",0.00108396
"M",39,"BLA",0.001282897
"M",40,"BLA",0.001441802
"M",41,"BLA",0.001499892
"M",42,"BLA",0.001675771
"M",43,"BLA",0.001736861
"M",44,"BLA",0.002037305
"M",45,"BLA",0.002428692
"M",46,"BLA",0.002575245
"M",47,"BLA",0.002890919
"M",48,"BLA",0.003384566
"M",49,"BLA",0.003371582
"M",50,"BLA",0.003608663
"M",51,"BLA",0.004426354
"M",52,"BLA",0.005046385
"M",53,"BLA",0.006070855
"M",54,"BLA",0.007172255
"M",55,"BLA",0.008169275
"M",56,"BLA",0.009323897
"M",57,"BLA",0.010106253
"M",58,"BLA",0.010390247
"M",59,"BLA",0.011363883
"M",60,"BLA",0.013194365
"M",61,"BLA",0.014497834
"M",62,"BLA",0.014993059
"M",63,"BLA",0.014872538
"M",64,"BLA",0.017000048
"M",65,"BLA",0.020442186
"M",66,"BLA",0.02217106
"M",67,"BLA",0.024340109
"M",68,"BLA",0.029184593
"M",69,"BLA",0.03262095
"M",70,"BLA",0.033024862
"M",71,"BLA",0.034454527
"M",72,"BLA",0.036634161
"M",73,"BLA",0.040412155
"M",74,"BLA",0.043385371
"M",75,"BLA",0.04542791
"M",76,"BLA",0.05030765
"M",77,"BLA",0.055087719
"M",78,"BLA",0.060384413
"M",79,"BLA",0.060974028
"M",80,"BLA",0.067542738
"M",81,"BLA",0.074819093
"M",82,"BLA",0.082879327
"M",83,"BLA",0.091807887
"M",84,"BLA",0.101698318
"M",85,"BLA",0.156466186
"M",0,"BLC",0.003383493
"M",1,"BLC",0.000275034
"M",2,"BLC",0.000183306
"M",3,"BLC",0.000134755
"M",4,"BLC",0.000201012
"M",5,"BLC",0.000263933
"M",6,"BLC",0.000268135
"M",7,"BLC",0.000266072
"M",8,"BLC",0.000195316
"M",9,"BLC",0.00013002
"M",10,"BLC",0.000119917
"M",11,"BLC",0.000128195
"M",12,"BLC",0.000143876
"M",13,"BLC",0.00015954
"M",14,"BLC",0.000182218
"M",15,"BLC",0.000212582
"M",16,"BLC",0.000315782
"M",17,"BLC",0.000473932
"M",18,"BLC",0.00051731
"M",19,"BLC",0.000459328
"M",20,"BLC",0.000440186
"M",21,"BLC",0.000444386
"M",22,"BLC",0.000391759
"M",23,"BLC",0.000415629
"M",24,"BLC",0.000401395
"M",25,"BLC",0.000304748
"M",26,"BLC",0.000323271
"M",27,"BLC",0.000354301
"M",28,"BLC",0.000378336
"M",29,"BLC",0.000423394
"M",30,"BLC",0.00046954
"M",31,"BLC",0.000506085
"M",32,"BLC",0.000590489
"M",33,"BLC",0.000679774
"M",34,"BLC",0.000792927
"M",35,"BLC",0.000894641
"M",36,"BLC",0.000918144
"M",37,"BLC",0.001008956
"M",38,"BLC",0.001050593
"M",39,"BLC",0.001246238
"M",40,"BLC",0.001419148
"M",41,"BLC",0.00148627
"M",42,"BLC",0.001640453
"M",43,"BLC",0.001668859
"M",44,"BLC",0.001984035
"M",45,"BLC",0.00239752
"M",46,"BLC",0.002603843
"M",47,"BLC",0.002965234
"M",48,"BLC",0.003378336
"M",49,"BLC",0.00333408
"M",50,"BLC",0.003613837
"M",51,"BLC",0.004360562
"M",52,"BLC",0.004961882
"M",53,"BLC",0.00599749
"M",54,"BLC",0.007154607
"M",55,"BLC",0.008048951
"M",56,"BLC",0.00910243
"M",57,"BLC",0.010024398
"M",58,"BLC",0.01032427
"M",59,"BLC",0.01123476
"M",60,"BLC",0.013005518
"M",61,"BLC",0.014382164
"M",62,"BLC",0.015048274
"M",63,"BLC",0.014945028
"M",64,"BLC",0.016839677
"M",65,"BLC",0.020100309
"M",66,"BLC",0.021961125
"M",67,"BLC",0.024322454
"M",68,"BLC",0.029178639
"M",69,"BLC",0.032356114
"M",70,"BLC",0.032809718
"M",71,"BLC",0.034535185
"M",72,"BLC",0.036803619
"M",73,"BLC",0.040593197
"M",74,"BLC",0.043776756
"M",75,"BLC",0.045989276
"M",76,"BLC",0.050893531
"M",77,"BLC",0.056460106
"M",78,"BLC",0.062043785
"M",79,"BLC",0.061321424
"M",80,"BLC",0.067964099
"M",81,"BLC",0.075326346
"M",82,"BLC",0.083486111
"M",83,"BLC",0.092529788
"M",84,"BLC",0.102553125
"M",85,"BLC",0.159914348
"M",0,"OBL",0.003340284
"M",1,"OBL",0.000279418
"M",2,"OBL",0.00018878
"M",3,"OBL",0.000137278
"M",4,"OBL",0.000212474
"M",5,"OBL",0.000286458
"M",6,"OBL",0.000280905
"M",7,"OBL",0.000270484
"M",8,"OBL",0.000200328
"M",9,"OBL",0.00013135
"M",10,"OBL",0.000121201
"M",11,"OBL",0.000130588
"M",12,"OBL",0.000146175
"M",13,"OBL",0.00016397
"M",14,"OBL",0.000180843
"M",15,"OBL",0.000206984
"M",16,"OBL",0.000307542
"M",17,"OBL",0.000463674
"M",18,"OBL",0.000519024
"M",19,"OBL",0.000467829
"M",20,"OBL",0.000441796
"M",21,"OBL",0.000445355
"M",22,"OBL",0.000395297
"M",23,"OBL",0.000402615
"M",24,"OBL",0.000382061
"M",25,"OBL",0.000294199
"M",26,"OBL",0.000309665
"M",27,"OBL",0.000347837
"M",28,"OBL",0.000376248
"M",29,"OBL",0.000406294
"M",30,"OBL",0.000447524
"M",31,"OBL",0.000483658
"M",32,"OBL",0.00056384
"M",33,"OBL",0.000672933
"M",34,"OBL",0.000782405
"M",35,"OBL",0.000881196
"M",36,"OBL",0.000900182
"M",37,"OBL",0.000972892
"M",38,"OBL",0.001030387
"M",39,"OBL",0.001226937
"M",40,"OBL",0.001407218
"M",41,"OBL",0.001506985
"M",42,"OBL",0.001662885
"M",43,"OBL",0.001700059
"M",44,"OBL",0.002080029
"M",45,"OBL",0.002510521
"M",46,"OBL",0.0026797
"M",47,"OBL",0.003057455
"M",48,"OBL",0.003480459
"M",49,"OBL",0.00337766
"M",50,"OBL",0.003640232
"M",51,"OBL",0.004433514
"M",52,"OBL",0.005082839
"M",53,"OBL",0.006194815
"M",54,"OBL",0.007190398
"M",55,"OBL",0.008030739
"M",56,"OBL",0.009096205
"M",57,"OBL",0.009983621
"M",58,"OBL",0.010491736
"M",59,"OBL",0.011488953
"M",60,"OBL",0.0129369
"M",61,"OBL",0.014037132
"M",62,"OBL",0.014790803
"M",63,"OBL",0.014787288
"M",64,"OBL",0.016530782
"M",65,"OBL",0.019996426
"M",66,"OBL",0.022075748
"M",67,"OBL",0.023898363
"M",68,"OBL",0.028573299
"M",69,"OBL",0.031696872
"M",70,"OBL",0.032517567
"M",71,"OBL",0.034874829
"M",72,"OBL",0.036638106
"M",73,"OBL",0.039672454
"M",74,"OBL",0.043147564
"M",75,"OBL",0.045644286
"M",76,"OBL",0.050070403
"M",77,"OBL",0.055825277
"M",78,"OBL",0.061337908
"M",79,"OBL",0.06064684
"M",80,"OBL",0.067203019
"M",81,"OBL",0.074467949
"M",82,"OBL",0.082518249
"M",83,"OBL",0.09143882
"M",84,"OBL",0.101323743
"M",85,"OBL",0.185581153
"M",0,"OTH",0.003295093
"M",1,"OTH",0.000280376
"M",2,"OTH",0.000182785
"M",3,"OTH",0.000131106
"M",4,"OTH",0.000223435
"M",5,"OTH",0.000315619
"M",6,"OTH",0.00031684
"M",7,"OTH",0.000312757
"M",8,"OTH",0.000223485
"M",9,"OTH",0.000135398
"M",10,"OTH",0.00012284
"M",11,"OTH",0.00012837
"M",12,"OTH",0.000147269
"M",13,"OTH",0.000179611
"M",14,"OTH",0.000195952
"M",15,"OTH",0.000222902
"M",16,"OTH",0.000320216
"M",17,"OTH",0.000454621
"M",18,"OTH",0.000516718
"M",19,"OTH",0.000456576
"M",20,"OTH",0.00040897
"M",21,"OTH",0.000413393
"M",22,"OTH",0.000391462
"M",23,"OTH",0.00043109
"M",24,"OTH",0.000404906
"M",25,"OTH",0.00032309
"M",26,"OTH",0.000353109
"M",27,"OTH",0.000367744
"M",28,"OTH",0.000401036
"M",29,"OTH",0.000458111
"M",30,"OTH",0.000512731
"M",31,"OTH",0.00056082
"M",32,"OTH",0.000634234
"M",33,"OTH",0.000746129
"M",34,"OTH",0.000858033
"M",35,"OTH",0.000947965
"M",36,"OTH",0.000960044
"M",37,"OTH",0.000987201
"M",38,"OTH",0.001036187
"M",39,"OTH",0.001271483
"M",40,"OTH",0.001453606
"M",41,"OTH",0.001475459
"M",42,"OTH",0.00159898
"M",43,"OTH",0.001675862
"M",44,"OTH",0.001999294
"M",45,"OTH",0.002377362
"M",46,"OTH",0.002561543
"M",47,"OTH",0.002883195
"M",48,"OTH",0.003314722
"M",49,"OTH",0.003337138
"M",50,"OTH",0.003531754
"M",51,"OTH",0.004169167
"M",52,"OTH",0.004916958
"M",53,"OTH",0.005901875
"M",54,"OTH",0.006751326
"M",55,"OTH",0.007813132
"M",56,"OTH",0.008901103
"M",57,"OTH",0.009625148
"M",58,"OTH",0.009898788
"M",59,"OTH",0.010552958
"M",60,"OTH",0.012085737
"M",61,"OTH",0.013335272
"M",62,"OTH",0.01385481
"M",63,"OTH",0.013751263
"M",64,"OTH",0.015664896
"M",65,"OTH",0.018823699
"M",66,"OTH",0.020477824
"M",67,"OTH",0.022508102
"M",68,"OTH",0.027125183
"M",69,"OTH",0.030143623
"M",70,"OTH",0.030661499
"M",71,"OTH",0.032474745
"M",72,"OTH",0.034360314
"M",73,"OTH",0.038173709
"M",74,"OTH",0.04159301
"M",75,"OTH",0.043111812
"M",76,"OTH",0.047524547
"M",77,"OTH",0.053137902
"M",78,"OTH",0.058447888
"M",79,"OTH",0.058425313
"M",80,"OTH",0.06483439
"M",81,"OTH",0.071946522
"M",82,"OTH",0.079838833
"M",83,"OTH",0.088596906
"M",84,"OTH",0.098315713
"M",85,"OTH",0.144439597
"F",0,"WBI",0.002559286
"F",1,"WBI",0.000171684
"F",2,"WBI",0.000135909
"F",3,"WBI",0.000106898
"F",4,"WBI",6.54e-05
"F",5,"WBI",5.13e-05
"F",6,"WBI",4.66e-05
"F",7,"WBI",5.23e-05
"F",8,"WBI",5.47e-05
"F",9,"WBI",3.71e-05
"F",10,"WBI",4.57e-05
"F",11,"WBI",5.97e-05
"F",12,"WBI",5.63e-05
"F",13,"WBI",5.95e-05
"F",14,"WBI",0.000102934
"F",15,"WBI",0.000181137
"F",16,"WBI",0.000244517
"F",17,"WBI",0.000260163
"F",18,"WBI",0.000227595
"F",19,"WBI",0.000163569
"F",20,"WBI",0.000132314
"F",21,"WBI",0.00014134
"F",22,"WBI",0.000137484
"F",23,"WBI",0.00013263
"F",24,"WBI",0.000169367
"F",25,"WBI",0.000243782
"F",26,"WBI",0.000274741
"F",27,"WBI",0.000268248
"F",28,"WBI",0.000302843
"F",29,"WBI",0.000338772
"F",30,"WBI",0.000396812
"F",31,"WBI",0.000534204
"F",32,"WBI",0.000597815
"F",33,"WBI",0.00063945
"F",34,"WBI",0.000592566
"F",35,"WBI",0.000486797
"F",36,"WBI",0.000460097
"F",37,"WBI",0.000462201
"F",38,"WBI",0.000472841
"F",39,"WBI",0.000582874
"F",40,"WBI",0.000746233
"F",41,"WBI",0.000771838
"F",42,"WBI",0.000875274
"F",43,"WBI",0.000917416
"F",44,"WBI",0.001208001
"F",45,"WBI",0.00163446
"F",46,"WBI",0.001767239
"F",47,"WBI",0.001912225
"F",48,"WBI",0.002157492
"F",49,"WBI",0.002141877
"F",50,"WBI",0.00206162
"F",51,"WBI",0.002272255
"F",52,"WBI",0.002615928
"F",53,"WBI",0.003241672
"F",54,"WBI",0.004101942
"F",55,"WBI",0.004642186
"F",56,"WBI",0.005040799
"F",57,"WBI",0.00533161
"F",58,"WBI",0.005276037
"F",59,"WBI",0.005971712
"F",60,"WBI",0.007184702
"F",61,"WBI",0.007691698
"F",62,"WBI",0.007828929
"F",63,"WBI",0.009265913
"F",64,"WBI",0.01047291
"F",65,"WBI",0.010625992
"F",66,"WBI",0.011647639
"F",67,"WBI",0.013999445
"F",68,"WBI",0.017346084
"F",69,"WBI",0.018258588
"F",70,"WBI",0.018149976
"F",71,"WBI",0.019949684
"F",72,"WBI",0.022482384
"F",73,"WBI",0.025477383
"F",74,"WBI",0.026519648
"F",75,"WBI",0.02799745
"F",76,"WBI",0.031826719
"F",77,"WBI",0.035150333
"F",78,"WBI",0.039597448
"F",79,"WBI",0.047201708
"F",80,"WBI",0.052830418
"F",81,"WBI",0.05913034
"F",82,"WBI",0.066181516
"F",83,"WBI",0.07407353
"F",84,"WBI",0.082906652
"F",85,"WBI",0.152717333
"F",0,"WHO",0.00277417
"F",1,"WHO",0.000170571
"F",2,"WHO",0.000133305
"F",3,"WHO",0.000104454
"F",4,"WHO",6.4e-05
"F",5,"WHO",5.05e-05
"F",6,"WHO",4.56e-05
"F",7,"WHO",5.18e-05
"F",8,"WHO",5.51e-05
"F",9,"WHO",3.82e-05
"F",10,"WHO",4.56e-05
"F",11,"WHO",5.97e-05
"F",12,"WHO",5.64e-05
"F",13,"WHO",5.92e-05
"F",14,"WHO",0.000104219
"F",15,"WHO",0.000179664
"F",16,"WHO",0.000235706
"F",17,"WHO",0.000236075
"F",18,"WHO",0.000190941
"F",19,"WHO",0.000141306
"F",20,"WHO",0.000124604
"F",21,"WHO",0.000127603
"F",22,"WHO",0.000119816
"F",23,"WHO",0.000111394
"F",24,"WHO",0.000138534
"F",25,"WHO",0.000201264
"F",26,"WHO",0.00023329
"F",27,"WHO",0.000224397
"F",28,"WHO",0.000241923
"F",29,"WHO",0.000275576
"F",30,"WHO",0.000333791
"F",31,"WHO",0.000436691
"F",32,"WHO",0.000482456
"F",33,"WHO",0.000528335
"F",34,"WHO",0.000492522
"F",35,"WHO",0.000404119
"F",36,"WHO",0.00037558
"F",37,"WHO",0.000377644
"F",38,"WHO",0.000393886
"F",39,"WHO",0.000518028
"F",40,"WHO",0.000673705
"F",41,"WHO",0.000701903
"F",42,"WHO",0.000833885
"F",43,"WHO",0.000878158
"F",44,"WHO",0.001170868
"F",45,"WHO",0.001575145
"F",46,"WHO",0.001684542
"F",47,"WHO",0.001836947
"F",48,"WHO",0.002079471
"F",49,"WHO",0.002055049
"F",50,"WHO",0.001969049
"F",51,"WHO",0.002151496
"F",52,"WHO",0.002460909
"F",53,"WHO",0.00304896
"F",54,"WHO",0.003782998
"F",55,"WHO",0.004448684
"F",56,"WHO",0.004846361
"F",57,"WHO",0.005021753
"F",58,"WHO",0.005035893
"F",59,"WHO",0.005622517
"F",60,"WHO",0.006720145
"F",61,"WHO",0.007186781
"F",62,"WHO",0.007339457
"F",63,"WHO",0.008702802
"F",64,"WHO",0.009761525
"F",65,"WHO",0.009853725
"F",66,"WHO",0.010813203
"F",67,"WHO",0.012995891
"F",68,"WHO",0.016052687
"F",69,"WHO",0.016834269
"F",70,"WHO",0.016753011
"F",71,"WHO",0.018504368
"F",72,"WHO",0.020926532
"F",73,"WHO",0.023770548
"F",74,"WHO",0.02482437
"F",75,"WHO",0.026177705
"F",76,"WHO",0.029777186
"F",77,"WHO",0.033049897
"F",78,"WHO",0.037352213
"F",79,"WHO",0.044884133
"F",80,"WHO",0.050263888
"F",81,"WHO",0.056288455
"F",82,"WHO",0.063035118
"F",83,"WHO",0.070590428
"F",84,"WHO",0.079051307
"F",85,"WHO",0.129718685
"F",0,"MIX",0.002913651
"F",1,"MIX",0.00017267
"F",2,"MIX",0.000133295
"F",3,"MIX",0.000106773
"F",4,"MIX",6.41e-05
"F",5,"MIX",4.9e-05
"F",6,"MIX",4.53e-05
"F",7,"MIX",5.11e-05
"F",8,"MIX",5.33e-05
"F",9,"MIX",3.88e-05
"F",10,"MIX",4.88e-05
"F",11,"MIX",6.37e-05
"F",12,"MIX",5.88e-05
"F",13,"MIX",6.01e-05
"F",14,"MIX",9.95e-05
"F",15,"MIX",0.000176502
"F",16,"MIX",0.00022954
"F",17,"MIX",0.000231853
"F",18,"MIX",0.000198041
"F",19,"MIX",0.000136979
"F",20,"MIX",0.000114388
"F",21,"MIX",0.000124754
"F",22,"MIX",0.000123426
"F",23,"MIX",0.000114466
"F",24,"MIX",0.00013756
"F",25,"MIX",0.000194628
"F",26,"MIX",0.00022624
"F",27,"MIX",0.000228008
"F",28,"MIX",0.0002381
"F",29,"MIX",0.00026593
"F",30,"MIX",0.000333873
"F",31,"MIX",0.000442008
"F",32,"MIX",0.000487135
"F",33,"MIX",0.000526349
"F",34,"MIX",0.000500167
"F",35,"MIX",0.000418819
"F",36,"MIX",0.000394147
"F",37,"MIX",0.000405693
"F",38,"MIX",0.000413969
"F",39,"MIX",0.000526496
"F",40,"MIX",0.000684449
"F",41,"MIX",0.000726945
"F",42,"MIX",0.000860482
"F",43,"MIX",0.000907407
"F",44,"MIX",0.001216023
"F",45,"MIX",0.001647287
"F",46,"MIX",0.001747497
"F",47,"MIX",0.00187146
"F",48,"MIX",0.002144551
"F",49,"MIX",0.002141185
"F",50,"MIX",0.002020113
"F",51,"MIX",0.002211221
"F",52,"MIX",0.002560794
"F",53,"MIX",0.003142087
"F",54,"MIX",0.003873741
"F",55,"MIX",0.004539182
"F",56,"MIX",0.004964405
"F",57,"MIX",0.005197811
"F",58,"MIX",0.005256039
"F",59,"MIX",0.005943041
"F",60,"MIX",0.007149423
"F",61,"MIX",0.007596133
"F",62,"MIX",0.00769066
"F",63,"MIX",0.009151883
"F",64,"MIX",0.01034151
"F",65,"MIX",0.010419693
"F",66,"MIX",0.011373734
"F",67,"MIX",0.013610906
"F",68,"MIX",0.016766223
"F",69,"MIX",0.017614115
"F",70,"MIX",0.017515194
"F",71,"MIX",0.019327531
"F",72,"MIX",0.021846536
"F",73,"MIX",0.024647615
"F",74,"MIX",0.025615222
"F",75,"MIX",0.026851721
"F",76,"MIX",0.030484646
"F",77,"MIX",0.033816413
"F",78,"MIX",0.038134258
"F",79,"MIX",0.044688844
"F",80,"MIX",0.050094384
"F",81,"MIX",0.056153776
"F",82,"MIX",0.062946108
"F",83,"MIX",0.070560037
"F",84,"MIX",0.079094944
"F",85,"MIX",0.149363603
"F",0,"IND",0.003126456
"F",1,"IND",0.000173343
"F",2,"IND",0.000130882
"F",3,"IND",0.000108008
"F",4,"IND",6.59e-05
"F",5,"IND",4.83e-05
"F",6,"IND",4.44e-05
"F",7,"IND",5.07e-05
"F",8,"IND",5.75e-05
"F",9,"IND",4.29e-05
"F",10,"IND",4.86e-05
"F",11,"IND",6.69e-05
"F",12,"IND",6.31e-05
"F",13,"IND",6.12e-05
"F",14,"IND",9.47e-05
"F",15,"IND",0.000161108
"F",16,"IND",0.000199022
"F",17,"IND",0.000204659
"F",18,"IND",0.000192651
"F",19,"IND",0.000136987
"F",20,"IND",0.000108037
"F",21,"IND",0.000115367
"F",22,"IND",0.000119147
"F",23,"IND",0.000114439
"F",24,"IND",0.000130765
"F",25,"IND",0.000187831
"F",26,"IND",0.000231185
"F",27,"IND",0.000231224
"F",28,"IND",0.000230837
"F",29,"IND",0.000260001
"F",30,"IND",0.000334033
"F",31,"IND",0.000441965
"F",32,"IND",0.000479548
"F",33,"IND",0.000547133
"F",34,"IND",0.000539192
"F",35,"IND",0.000440248
"F",36,"IND",0.000405998
"F",37,"IND",0.000397696
"F",38,"IND",0.000409511
"F",39,"IND",0.000533798
"F",40,"IND",0.000686567
"F",41,"IND",0.000718545
"F",42,"IND",0.000830953
"F",43,"IND",0.000882947
"F",44,"IND",0.001165445
"F",45,"IND",0.001543732
"F",46,"IND",0.001639409
"F",47,"IND",0.001790038
"F",48,"IND",0.002087631
"F",49,"IND",0.002063596
"F",50,"IND",0.001892617
"F",51,"IND",0.002076218
"F",52,"IND",0.002450347
"F",53,"IND",0.002951363
"F",54,"IND",0.003626096
"F",55,"IND",0.004320886
"F",56,"IND",0.004805737
"F",57,"IND",0.005198504
"F",58,"IND",0.005197918
"F",59,"IND",0.00589722
"F",60,"IND",0.007293146
"F",61,"IND",0.007785958
"F",62,"IND",0.007905214
"F",63,"IND",0.009335794
"F",64,"IND",0.010447841
"F",65,"IND",0.010546574
"F",66,"IND",0.011586522
"F",67,"IND",0.013910961
"F",68,"IND",0.017124237
"F",69,"IND",0.017887514
"F",70,"IND",0.017748027
"F",71,"IND",0.019492206
"F",72,"IND",0.021872917
"F",73,"IND",0.024688889
"F",74,"IND",0.025565432
"F",75,"IND",0.026853755
"F",76,"IND",0.03042654
"F",77,"IND",0.033610524
"F",78,"IND",0.037875521
"F",79,"IND",0.044638002
"F",80,"IND",0.049955132
"F",81,"IND",0.055905621
"F",82,"IND",0.062564912
"F",83,"IND",0.070017435
"F",84,"IND",0.078357678
"F",85,"IND",0.107601167
"F",0,"PAK",0.003490288
"F",1,"PAK",0.000201643
"F",2,"PAK",0.000131179
"F",3,"PAK",0.000103962
"F",4,"PAK",6.17e-05
"F",5,"PAK",4.86e-05
"F",6,"PAK",4.62e-05
"F",7,"PAK",4.63e-05
"F",8,"PAK",5.07e-05
"F",9,"PAK",4.57e-05
"F",10,"PAK",5.01e-05
"F",11,"PAK",5.99e-05
"F",12,"PAK",5.49e-05
"F",13,"PAK",5.56e-05
"F",14,"PAK",9.1e-05
"F",15,"PAK",0.000151205
"F",16,"PAK",0.000189116
"F",17,"PAK",0.000214254
"F",18,"PAK",0.000209635
"F",19,"PAK",0.000139809
"F",20,"PAK",0.000115945
"F",21,"PAK",0.000116104
"F",22,"PAK",0.000109448
"F",23,"PAK",0.000114052
"F",24,"PAK",0.000146008
"F",25,"PAK",0.000203148
"F",26,"PAK",0.000241285
"F",27,"PAK",0.000262563
"F",28,"PAK",0.000259764
"F",29,"PAK",0.000288642
"F",30,"PAK",0.000360552
"F",31,"PAK",0.000458868
"F",32,"PAK",0.00051065
"F",33,"PAK",0.000541515
"F",34,"PAK",0.000505809
"F",35,"PAK",0.000444553
"F",36,"PAK",0.000434353
"F",37,"PAK",0.000444434
"F",38,"PAK",0.000465811
"F",39,"PAK",0.000567348
"F",40,"PAK",0.000726884
"F",41,"PAK",0.000781041
"F",42,"PAK",0.000888738
"F",43,"PAK",0.000933425
"F",44,"PAK",0.001311411
"F",45,"PAK",0.001819957
"F",46,"PAK",0.001931245
"F",47,"PAK",0.001989712
"F",48,"PAK",0.00226354
"F",49,"PAK",0.002288754
"F",50,"PAK",0.002145238
"F",51,"PAK",0.002443023
"F",52,"PAK",0.002930459
"F",53,"PAK",0.003549352
"F",54,"PAK",0.004331944
"F",55,"PAK",0.005000315
"F",56,"PAK",0.005347085
"F",57,"PAK",0.00563186
"F",58,"PAK",0.005669674
"F",59,"PAK",0.006497179
"F",60,"PAK",0.008030706
"F",61,"PAK",0.008602366
"F",62,"PAK",0.008708058
"F",63,"PAK",0.010286551
"F",64,"PAK",0.011546222
"F",65,"PAK",0.01161599
"F",66,"PAK",0.012733609
"F",67,"PAK",0.01513925
"F",68,"PAK",0.018630477
"F",69,"PAK",0.019568036
"F",70,"PAK",0.019409733
"F",71,"PAK",0.021302012
"F",72,"PAK",0.023965243
"F",73,"PAK",0.027105978
"F",74,"PAK",0.0280857
"F",75,"PAK",0.029509932
"F",76,"PAK",0.033460464
"F",77,"PAK",0.036853173
"F",78,"PAK",0.041458444
"F",79,"PAK",0.049000446
"F",80,"PAK",0.054687051
"F",81,"PAK",0.061033599
"F",82,"PAK",0.068116678
"F",83,"PAK",0.076021762
"F",84,"PAK",0.084844249
"F",85,"PAK",0.191538092
"F",0,"BAN",0.003403969
"F",1,"BAN",0.000174282
"F",2,"BAN",0.000125014
"F",3,"BAN",0.000114662
"F",4,"BAN",7.24e-05
"F",5,"BAN",4.34e-05
"F",6,"BAN",4.18e-05
"F",7,"BAN",4.39e-05
"F",8,"BAN",4.32e-05
"F",9,"BAN",3.48e-05
"F",10,"BAN",5.01e-05
"F",11,"BAN",6.12e-05
"F",12,"BAN",4.72e-05
"F",13,"BAN",4.81e-05
"F",14,"BAN",0.000111001
"F",15,"BAN",0.000190306
"F",16,"BAN",0.000221151
"F",17,"BAN",0.000217447
"F",18,"BAN",0.000199044
"F",19,"BAN",0.000149962
"F",20,"BAN",0.0001072
"F",21,"BAN",9.97e-05
"F",22,"BAN",9.73e-05
"F",23,"BAN",9.34e-05
"F",24,"BAN",0.000121375
"F",25,"BAN",0.000179921
"F",26,"BAN",0.000213687
"F",27,"BAN",0.000219284
"F",28,"BAN",0.00023542
"F",29,"BAN",0.000263263
"F",30,"BAN",0.00034264
"F",31,"BAN",0.000428064
"F",32,"BAN",0.000460703
"F",33,"BAN",0.000496112
"F",34,"BAN",0.000462216
"F",35,"BAN",0.000391636
"F",36,"BAN",0.000372231
"F",37,"BAN",0.000388335
"F",38,"BAN",0.000384942
"F",39,"BAN",0.000487209
"F",40,"BAN",0.000658656
"F",41,"BAN",0.000720339
"F",42,"BAN",0.000787213
"F",43,"BAN",0.00087688
"F",44,"BAN",0.001156528
"F",45,"BAN",0.001581828
"F",46,"BAN",0.001841022
"F",47,"BAN",0.002188204
"F",48,"BAN",0.002480165
"F",49,"BAN",0.002231716
"F",50,"BAN",0.002065612
"F",51,"BAN",0.002442541
"F",52,"BAN",0.002671299
"F",53,"BAN",0.002948578
"F",54,"BAN",0.003865572
"F",55,"BAN",0.0045934
"F",56,"BAN",0.00491996
"F",57,"BAN",0.005266318
"F",58,"BAN",0.005666674
"F",59,"BAN",0.006630767
"F",60,"BAN",0.007873257
"F",61,"BAN",0.008394793
"F",62,"BAN",0.008546105
"F",63,"BAN",0.010018948
"F",64,"BAN",0.01116826
"F",65,"BAN",0.011283996
"F",66,"BAN",0.012446638
"F",67,"BAN",0.015003942
"F",68,"BAN",0.018532651
"F",69,"BAN",0.019408316
"F",70,"BAN",0.019285855
"F",71,"BAN",0.021120625
"F",72,"BAN",0.02368396
"F",73,"BAN",0.026771559
"F",74,"BAN",0.027648934
"F",75,"BAN",0.029082815
"F",76,"BAN",0.032940621
"F",77,"BAN",0.03623749
"F",78,"BAN",0.041060177
"F",79,"BAN",0.049008758
"F",80,"BAN",0.054549815
"F",81,"BAN",0.060717357
"F",82,"BAN",0.067582218
"F",83,"BAN",0.075223238
"F",84,"BAN",0.083728171
"F",85,"BAN",0.156339449
"F",0,"CHI",0.002906412
"F",1,"CHI",0.00016935
"F",2,"CHI",0.000127743
"F",3,"CHI",9.9e-05
"F",4,"CHI",6.3e-05
"F",5,"CHI",4.92e-05
"F",6,"CHI",4.5e-05
"F",7,"CHI",5e-05
"F",8,"CHI",5.21e-05
"F",9,"CHI",3.72e-05
"F",10,"CHI",4.55e-05
"F",11,"CHI",5.93e-05
"F",12,"CHI",5.75e-05
"F",13,"CHI",6.17e-05
"F",14,"CHI",0.000102859
"F",15,"CHI",0.000173487
"F",16,"CHI",0.000227963
"F",17,"CHI",0.000231836
"F",18,"CHI",0.000183745
"F",19,"CHI",0.000123467
"F",20,"CHI",0.000103321
"F",21,"CHI",0.000111099
"F",22,"CHI",0.000107909
"F",23,"CHI",0.000103675
"F",24,"CHI",0.000134409
"F",25,"CHI",0.000184984
"F",26,"CHI",0.000214242
"F",27,"CHI",0.000217653
"F",28,"CHI",0.000239754
"F",29,"CHI",0.000278218
"F",30,"CHI",0.000333759
"F",31,"CHI",0.000430176
"F",32,"CHI",0.000486516
"F",33,"CHI",0.000543519
"F",34,"CHI",0.000511527
"F",35,"CHI",0.000428598
"F",36,"CHI",0.000405797
"F",37,"CHI",0.000414228
"F",38,"CHI",0.000430925
"F",39,"CHI",0.00055001
"F",40,"CHI",0.00071664
"F",41,"CHI",0.000757363
"F",42,"CHI",0.000865584
"F",43,"CHI",0.000893452
"F",44,"CHI",0.001209489
"F",45,"CHI",0.001637782
"F",46,"CHI",0.001727025
"F",47,"CHI",0.001867633
"F",48,"CHI",0.002124958
"F",49,"CHI",0.002107026
"F",50,"CHI",0.001994867
"F",51,"CHI",0.002167908
"F",52,"CHI",0.002508878
"F",53,"CHI",0.003112254
"F",54,"CHI",0.003887817
"F",55,"CHI",0.004533187
"F",56,"CHI",0.004924033
"F",57,"CHI",0.005198189
"F",58,"CHI",0.005268377
"F",59,"CHI",0.005929265
"F",60,"CHI",0.007123896
"F",61,"CHI",0.007616801
"F",62,"CHI",0.007792489
"F",63,"CHI",0.009286075
"F",64,"CHI",0.01044117
"F",65,"CHI",0.010494097
"F",66,"CHI",0.011503263
"F",67,"CHI",0.013766932
"F",68,"CHI",0.017099201
"F",69,"CHI",0.017993884
"F",70,"CHI",0.017910843
"F",71,"CHI",0.019866378
"F",72,"CHI",0.02237228
"F",73,"CHI",0.025243393
"F",74,"CHI",0.026099342
"F",75,"CHI",0.027592018
"F",76,"CHI",0.03184451
"F",77,"CHI",0.035263932
"F",78,"CHI",0.039715058
"F",79,"CHI",0.046836414
"F",80,"CHI",0.052381086
"F",81,"CHI",0.058582156
"F",82,"CHI",0.065517333
"F",83,"CHI",0.073273523
"F",84,"CHI",0.08194792
"F",85,"CHI",0.127641221
"F",0,"OAS",0.003012594
"F",1,"OAS",0.000172309
"F",2,"OAS",0.000132156
"F",3,"OAS",0.000108078
"F",4,"OAS",6.51e-05
"F",5,"OAS",4.7e-05
"F",6,"OAS",4.36e-05
"F",7,"OAS",5.02e-05
"F",8,"OAS",5.24e-05
"F",9,"OAS",3.85e-05
"F",10,"OAS",4.74e-05
"F",11,"OAS",6.37e-05
"F",12,"OAS",6.06e-05
"F",13,"OAS",6.03e-05
"F",14,"OAS",0.000103261
"F",15,"OAS",0.000179229
"F",16,"OAS",0.000218763
"F",17,"OAS",0.000218445
"F",18,"OAS",0.000198133
"F",19,"OAS",0.000143593
"F",20,"OAS",0.000114496
"F",21,"OAS",0.000118929
"F",22,"OAS",0.000115612
"F",23,"OAS",0.000109692
"F",24,"OAS",0.000133916
"F",25,"OAS",0.000188774
"F",26,"OAS",0.000224292
"F",27,"OAS",0.000219349
"F",28,"OAS",0.000223855
"F",29,"OAS",0.000257649
"F",30,"OAS",0.000323291
"F",31,"OAS",0.000426052
"F",32,"OAS",0.000471606
"F",33,"OAS",0.000536243
"F",34,"OAS",0.000512804
"F",35,"OAS",0.000415866
"F",36,"OAS",0.000390148
"F",37,"OAS",0.00039259
"F",38,"OAS",0.000405274
"F",39,"OAS",0.00052243
"F",40,"OAS",0.000676259
"F",41,"OAS",0.000719292
"F",42,"OAS",0.000835916
"F",43,"OAS",0.000860951
"F",44,"OAS",0.001132175
"F",45,"OAS",0.001533743
"F",46,"OAS",0.001651801
"F",47,"OAS",0.001786932
"F",48,"OAS",0.002045679
"F",49,"OAS",0.002016049
"F",50,"OAS",0.001908251
"F",51,"OAS",0.002068948
"F",52,"OAS",0.002378593
"F",53,"OAS",0.002960857
"F",54,"OAS",0.003657592
"F",55,"OAS",0.004263011
"F",56,"OAS",0.004623125
"F",57,"OAS",0.004907329
"F",58,"OAS",0.004973346
"F",59,"OAS",0.005613472
"F",60,"OAS",0.006828703
"F",61,"OAS",0.007317696
"F",62,"OAS",0.007452284
"F",63,"OAS",0.008846207
"F",64,"OAS",0.009970844
"F",65,"OAS",0.010063001
"F",66,"OAS",0.011041422
"F",67,"OAS",0.013283287
"F",68,"OAS",0.016379223
"F",69,"OAS",0.017168666
"F",70,"OAS",0.017062042
"F",71,"OAS",0.018698563
"F",72,"OAS",0.02105408
"F",73,"OAS",0.02384704
"F",74,"OAS",0.024770883
"F",75,"OAS",0.026041772
"F",76,"OAS",0.029471672
"F",77,"OAS",0.03272334
"F",78,"OAS",0.036984374
"F",79,"OAS",0.043232593
"F",80,"OAS",0.048486991
"F",81,"OAS",0.054379998
"F",82,"OAS",0.060989228
"F",83,"OAS",0.068401731
"F",84,"OAS",0.076715133
"F",85,"OAS",0.163585204
"F",0,"BLA",0.002999773
"F",1,"BLA",0.00016462
"F",2,"BLA",0.000128659
"F",3,"BLA",0.000101374
"F",4,"BLA",6.07e-05
"F",5,"BLA",4.95e-05
"F",6,"BLA",4.56e-05
"F",7,"BLA",4.83e-05
"F",8,"BLA",5.28e-05
"F",9,"BLA",4.14e-05
"F",10,"BLA",5.01e-05
"F",11,"BLA",6.61e-05
"F",12,"BLA",6.31e-05
"F",13,"BLA",6.2e-05
"F",14,"BLA",9.97e-05
"F",15,"BLA",0.000179183
"F",16,"BLA",0.000226344
"F",17,"BLA",0.000210747
"F",18,"BLA",0.000178033
"F",19,"BLA",0.00013318
"F",20,"BLA",0.000110809
"F",21,"BLA",0.000114294
"F",22,"BLA",0.000108111
"F",23,"BLA",9.69e-05
"F",24,"BLA",0.000121846
"F",25,"BLA",0.000178251
"F",26,"BLA",0.000211734
"F",27,"BLA",0.000212719
"F",28,"BLA",0.000222024
"F",29,"BLA",0.000254822
"F",30,"BLA",0.000327493
"F",31,"BLA",0.00042973
"F",32,"BLA",0.000457013
"F",33,"BLA",0.000491115
"F",34,"BLA",0.000477099
"F",35,"BLA",0.000408149
"F",36,"BLA",0.000377453
"F",37,"BLA",0.000379074
"F",38,"BLA",0.000393959
"F",39,"BLA",0.000531596
"F",40,"BLA",0.000686604
"F",41,"BLA",0.000721933
"F",42,"BLA",0.000857204
"F",43,"BLA",0.000902859
"F",44,"BLA",0.001212415
"F",45,"BLA",0.001651067
"F",46,"BLA",0.001732343
"F",47,"BLA",0.001868967
"F",48,"BLA",0.002178566
"F",49,"BLA",0.002159937
"F",50,"BLA",0.002001787
"F",51,"BLA",0.002154462
"F",52,"BLA",0.002529765
"F",53,"BLA",0.003179148
"F",54,"BLA",0.003858868
"F",55,"BLA",0.004544762
"F",56,"BLA",0.005012707
"F",57,"BLA",0.005220111
"F",58,"BLA",0.005351909
"F",59,"BLA",0.006095645
"F",60,"BLA",0.007327213
"F",61,"BLA",0.007824889
"F",62,"BLA",0.007991142
"F",63,"BLA",0.009510306
"F",64,"BLA",0.010653856
"F",65,"BLA",0.010722275
"F",66,"BLA",0.011780838
"F",67,"BLA",0.014073001
"F",68,"BLA",0.017298816
"F",69,"BLA",0.018106142
"F",70,"BLA",0.01791588
"F",71,"BLA",0.019549457
"F",72,"BLA",0.021933353
"F",73,"BLA",0.024814755
"F",74,"BLA",0.025754722
"F",75,"BLA",0.027155713
"F",76,"BLA",0.030641081
"F",77,"BLA",0.033668931
"F",78,"BLA",0.037836612
"F",79,"BLA",0.044967795
"F",80,"BLA",0.050274875
"F",81,"BLA",0.056208296
"F",82,"BLA",0.062841976
"F",83,"BLA",0.07025856
"F",84,"BLA",0.078550446
"F",85,"BLA",0.168371076
"F",0,"BLC",0.003280881
"F",1,"BLC",0.000165221
"F",2,"BLC",0.00012318
"F",3,"BLC",9.72e-05
"F",4,"BLC",5.77e-05
"F",5,"BLC",4.46e-05
"F",6,"BLC",4.35e-05
"F",7,"BLC",4.82e-05
"F",8,"BLC",5e-05
"F",9,"BLC",4.04e-05
"F",10,"BLC",4.98e-05
"F",11,"BLC",6.36e-05
"F",12,"BLC",6.16e-05
"F",13,"BLC",5.93e-05
"F",14,"BLC",9.7e-05
"F",15,"BLC",0.000176379
"F",16,"BLC",0.00021215
"F",17,"BLC",0.000202237
"F",18,"BLC",0.000179706
"F",19,"BLC",0.000133171
"F",20,"BLC",0.000113911
"F",21,"BLC",0.000119593
"F",22,"BLC",0.000113749
"F",23,"BLC",9.7e-05
"F",24,"BLC",0.000113613
"F",25,"BLC",0.000164535
"F",26,"BLC",0.000196526
"F",27,"BLC",0.000206766
"F",28,"BLC",0.000214127
"F",29,"BLC",0.000231201
"F",30,"BLC",0.000285392
"F",31,"BLC",0.000391777
"F",32,"BLC",0.000429119
"F",33,"BLC",0.00046666
"F",34,"BLC",0.000461634
"F",35,"BLC",0.000373972
"F",36,"BLC",0.000341058
"F",37,"BLC",0.000369554
"F",38,"BLC",0.000387417
"F",39,"BLC",0.000509625
"F",40,"BLC",0.000654565
"F",41,"BLC",0.000701887
"F",42,"BLC",0.000851029
"F",43,"BLC",0.000887917
"F",44,"BLC",0.001223395
"F",45,"BLC",0.001712242
"F",46,"BLC",0.00181242
"F",47,"BLC",0.001910662
"F",48,"BLC",0.002169824
"F",49,"BLC",0.002134877
"F",50,"BLC",0.001980415
"F",51,"BLC",0.002156694
"F",52,"BLC",0.00252033
"F",53,"BLC",0.003151455
"F",54,"BLC",0.00383863
"F",55,"BLC",0.004500148
"F",56,"BLC",0.004934884
"F",57,"BLC",0.00519189
"F",58,"BLC",0.005403687
"F",59,"BLC",0.006123049
"F",60,"BLC",0.007378016
"F",61,"BLC",0.007877577
"F",62,"BLC",0.007972806
"F",63,"BLC",0.009457793
"F",64,"BLC",0.010600597
"F",65,"BLC",0.010713695
"F",66,"BLC",0.011827479
"F",67,"BLC",0.014206587
"F",68,"BLC",0.017462173
"F",69,"BLC",0.018308543
"F",70,"BLC",0.018177869
"F",71,"BLC",0.01994106
"F",72,"BLC",0.022416714
"F",73,"BLC",0.025233815
"F",74,"BLC",0.026180608
"F",75,"BLC",0.027567543
"F",76,"BLC",0.031225607
"F",77,"BLC",0.034408369
"F",78,"BLC",0.038610284
"F",79,"BLC",0.045207871
"F",80,"BLC",0.050570987
"F",81,"BLC",0.056570343
"F",82,"BLC",0.063281416
"F",83,"BLC",0.07078864
"F",84,"BLC",0.079186463
"F",85,"BLC",0.128026221
"F",0,"OBL",0.003083844
"F",1,"OBL",0.000158803
"F",2,"OBL",0.000124318
"F",3,"OBL",0.000100692
"F",4,"OBL",6.16e-05
"F",5,"OBL",4.77e-05
"F",6,"OBL",4.5e-05
"F",7,"OBL",4.78e-05
"F",8,"OBL",5.08e-05
"F",9,"OBL",4.08e-05
"F",10,"OBL",4.88e-05
"F",11,"OBL",6.53e-05
"F",12,"OBL",6.28e-05
"F",13,"OBL",5.83e-05
"F",14,"OBL",9.71e-05
"F",15,"OBL",0.000172472
"F",16,"OBL",0.000209996
"F",17,"OBL",0.000202619
"F",18,"OBL",0.000177546
"F",19,"OBL",0.000130034
"F",20,"OBL",0.000109561
"F",21,"OBL",0.00011469
"F",22,"OBL",0.000107319
"F",23,"OBL",9.59e-05
"F",24,"OBL",0.000114581
"F",25,"OBL",0.000162998
"F",26,"OBL",0.00020032
"F",27,"OBL",0.00020686
"F",28,"OBL",0.000203817
"F",29,"OBL",0.000230255
"F",30,"OBL",0.000297232
"F",31,"OBL",0.00039578
"F",32,"OBL",0.000429415
"F",33,"OBL",0.000467382
"F",34,"OBL",0.000454303
"F",35,"OBL",0.00036853
"F",36,"OBL",0.000339457
"F",37,"OBL",0.000362778
"F",38,"OBL",0.000381521
"F",39,"OBL",0.000503955
"F",40,"OBL",0.000652522
"F",41,"OBL",0.000701322
"F",42,"OBL",0.000861933
"F",43,"OBL",0.000908702
"F",44,"OBL",0.001236792
"F",45,"OBL",0.001712561
"F",46,"OBL",0.001800263
"F",47,"OBL",0.001909005
"F",48,"OBL",0.002198236
"F",49,"OBL",0.002177526
"F",50,"OBL",0.002004031
"F",51,"OBL",0.002154731
"F",52,"OBL",0.002513467
"F",53,"OBL",0.003141359
"F",54,"OBL",0.003815783
"F",55,"OBL",0.004450218
"F",56,"OBL",0.004873496
"F",57,"OBL",0.005288197
"F",58,"OBL",0.005514185
"F",59,"OBL",0.006090845
"F",60,"OBL",0.007343868
"F",61,"OBL",0.007875703
"F",62,"OBL",0.007950369
"F",63,"OBL",0.009397375
"F",64,"OBL",0.010459932
"F",65,"OBL",0.010616701
"F",66,"OBL",0.011808583
"F",67,"OBL",0.014136275
"F",68,"OBL",0.017395861
"F",69,"OBL",0.018351503
"F",70,"OBL",0.018231136
"F",71,"OBL",0.019850864
"F",72,"OBL",0.022230976
"F",73,"OBL",0.024967956
"F",74,"OBL",0.025959435
"F",75,"OBL",0.027250464
"F",76,"OBL",0.030598271
"F",77,"OBL",0.033699943
"F",78,"OBL",0.037988549
"F",79,"OBL",0.044953071
"F",80,"OBL",0.050293151
"F",81,"OBL",0.056267591
"F",82,"OBL",0.062951749
"F",83,"OBL",0.070429933
"F",84,"OBL",0.078796468
"F",85,"OBL",0.13763996
"F",0,"OTH",0.003015936
"F",1,"OTH",0.000164617
"F",2,"OTH",0.000126339
"F",3,"OTH",0.000101902
"F",4,"OTH",6.16e-05
"F",5,"OTH",4.75e-05
"F",6,"OTH",4.45e-05
"F",7,"OTH",4.92e-05
"F",8,"OTH",5.02e-05
"F",9,"OTH",3.64e-05
"F",10,"OTH",4.66e-05
"F",11,"OTH",6.16e-05
"F",12,"OTH",5.71e-05
"F",13,"OTH",5.85e-05
"F",14,"OTH",0.000108355
"F",15,"OTH",0.000182247
"F",16,"OTH",0.000213445
"F",17,"OTH",0.000206129
"F",18,"OTH",0.000179606
"F",19,"OTH",0.000134919
"F",20,"OTH",0.000112294
"F",21,"OTH",0.000114965
"F",22,"OTH",0.000111029
"F",23,"OTH",0.000102832
"F",24,"OTH",0.000125749
"F",25,"OTH",0.000176029
"F",26,"OTH",0.000208257
"F",27,"OTH",0.000206282
"F",28,"OTH",0.000210785
"F",29,"OTH",0.000246759
"F",30,"OTH",0.000314541
"F",31,"OTH",0.000412112
"F",32,"OTH",0.000456575
"F",33,"OTH",0.000504548
"F",34,"OTH",0.000477735
"F",35,"OTH",0.000397654
"F",36,"OTH",0.000369773
"F",37,"OTH",0.000368375
"F",38,"OTH",0.000383872
"F",39,"OTH",0.00050733
"F",40,"OTH",0.000661036
"F",41,"OTH",0.000695359
"F",42,"OTH",0.000839825
"F",43,"OTH",0.000889621
"F",44,"OTH",0.001178141
"F",45,"OTH",0.001581575
"F",46,"OTH",0.001698043
"F",47,"OTH",0.001861775
"F",48,"OTH",0.002087044
"F",49,"OTH",0.002046129
"F",50,"OTH",0.001933537
"F",51,"OTH",0.002074307
"F",52,"OTH",0.002406159
"F",53,"OTH",0.002951141
"F",54,"OTH",0.003645018
"F",55,"OTH",0.004436376
"F",56,"OTH",0.004915754
"F",57,"OTH",0.005061275
"F",58,"OTH",0.005055514
"F",59,"OTH",0.005744812
"F",60,"OTH",0.007010467
"F",61,"OTH",0.007524542
"F",62,"OTH",0.007633411
"F",63,"OTH",0.009030271
"F",64,"OTH",0.010107726
"F",65,"OTH",0.010168928
"F",66,"OTH",0.011231596
"F",67,"OTH",0.013561353
"F",68,"OTH",0.016725714
"F",69,"OTH",0.017449499
"F",70,"OTH",0.017279532
"F",71,"OTH",0.018934859
"F",72,"OTH",0.021298668
"F",73,"OTH",0.02413159
"F",74,"OTH",0.025205358
"F",75,"OTH",0.026636623
"F",76,"OTH",0.030056075
"F",77,"OTH",0.033260352
"F",78,"OTH",0.0375079
"F",79,"OTH",0.043971421
"F",80,"OTH",0.049214981
"F",81,"OTH",0.055083832
"F",82,"OTH",0.061652538
"F",83,"OTH",0.069004558
"F",84,"OTH",0.077233302
"F",85,"OTH",0.17530733
